{"tref2i": [[0.0], [0.0], [0.0]], "distance_threshold": 0, "type": "AffinePoseUtils", "Lambda": [[24.798, 0.0, 0.0], [0.0, 24.798, 0.0], [0.0, 0.0, 67.9818]], "Rref2i": [[1.0, 0.0, 0.0], [0.0, 1.0, 0.0], [0.0, 0.0, 1.0]], "G": [[[1.0, 0.0, 0.0], [0.0, 1.0, 0.0], [0.0, 0.0, 1.0]], [[0.7071067811865475, -0.7071067811865476, 0.0], [0.7071067811865476, 0.7071067811865475, 0.0], [0.0, 0.0, 1.0]], [[0.0, -1.0000000000000002, 0.0], [1.0000000000000002, 0.0, 0.0], [0.0, 0.0, 1.0000000000000002]], [[-0.7071067811865475, -0.7071067811865477, 0.0], [0.7071067811865477, -0.7071067811865475, 0.0], [0.0, 0.0, 1.0]], [[-1.0, -1.2246467991473532e-16, 0.0], [1.2246467991473532e-16, -1.0, 0.0], [0.0, 0.0, 1.0]], [[-0.7071067811865475, 0.7071067811865477, 0.0], [-0.7071067811865477, -0.7071067811865475, 0.0], [0.0, 0.0, 1.0]], [[0.0, 1.0000000000000002, 0.0], [-1.0000000000000002, 0.0, 0.0], [0.0, 0.0, 1.0000000000000002]], [[0.7071067811865475, 0.7071067811865476, 0.0], [-0.7071067811865476, 0.7071067811865475, 0.0], [0.0, 0.0, 1.0]]]}