{
"type": "AffinePoseUtils",
"Lambda": [[0.0263663, 0.0, 0.0], 
            [0.0, 0.0338224, 0.0], 
            [-0.0, 0.0, 0.0484393]],
            
"G": [[[1.0, 0.0, 0.0], 
    [0.0, 1.0, 0.0], 
    [0.0, 0.0, 1.0]]], 

"Rref2i": [[ 0.999986  ,  0.00351655,  0.00409035],
       [-0.00344531,  0.999845  , -0.0172903 ],
       [-0.00415052,  0.0172759 ,  0.999842  ]], 
    
"tref2i": [[-0.00301737], [-0.00169147], [-0.00695449]],

"distance_threshold": 0.023435524106

}